window,method,backbone,seed,alpha,threshold,validation_fpr,test_fpr,violation_ratio,seen_precision,seen_recall,seen_f1,seen_tp,ood_precision,ood_recall,ood_f1,ood_tp,false_positives
1m,base,gat,0,0.001,0.9991042017936708,0.0009827372012386,0.0009456527785503,0.94565277855037,0.4574468085106383,0.2606060606060606,0.332046332046332,43,0.0192307692307692,0.0005605381165919,0.0010893246187363,1,51
1m,base,gat,0,0.01,0.9647402167320251,0.0099942519144833,0.0090485991359329,0.9048599135932952,0.2013093289689034,0.7454545454545455,0.3170103092783505,123,0.0220440881763527,0.0061659192825112,0.0096364432763907,11,488
1m,base,gat,0,0.05,0.3596340417861939,0.0499898017837607,0.0509354545623111,1.018709091246222,0.0524318730596757,0.9212121212121211,0.0992167101827676,152,0.3110107850514171,0.695067264573991,0.4297348813030671,1240,2747
1m,base,gat,1,0.001,0.9940294027328492,0.0009827372012386,0.0013350392167769,1.3350392167769929,0.4893617021276595,0.4181818181818181,0.4509803921568627,69,0.0769230769230769,0.0033632286995515,0.0064446831364124,6,72
1m,base,gat,1,0.01,0.9014846682548524,0.0099942519144833,0.0095306966308801,0.95306966308802,0.2092307692307692,0.8242424242424242,0.3337423312883436,136,0.1091854419410745,0.0353139013452914,0.0533672172808132,63,514
1m,base,gat,1,0.05,0.3477703034877777,0.0499898017837607,0.0489885223711779,0.9797704474235596,0.0547406082289803,0.9272727272727272,0.1033783783783783,153,0.3500615006150061,0.797645739910314,0.4865789023764746,1423,2642
1m,base,gat,2,0.001,0.9965381622314454,0.0009827372012386,0.0011681593146798,1.1681593146798688,0.4661016949152542,0.3333333333333333,0.3886925795053003,55,0.0735294117647058,0.0028026905829596,0.0053995680345572,5,63
1m,base,gat,2,0.01,0.9544909596443176,0.0099942519144833,0.0090300569245888,0.9030056924588828,0.2055464926590538,0.7636363636363637,0.3239074550128534,126,0.0318091451292246,0.0089686098654708,0.0139921294271972,16,487
1m,base,gat,2,0.05,0.4828807413578034,0.0499898017837607,0.0484693404535424,0.9693868090708496,0.0528985507246376,0.8848484848484849,0.0998290598290598,146,0.3257673458859943,0.7079596412556054,0.4462109167991521,1263,2614
1m,base,gat,3,0.001,0.9976232647895814,0.0009827372012386,0.0013906658508093,1.3906658508093674,0.4,0.303030303030303,0.3448275862068966,50,0.0259740259740259,0.0011210762331838,0.0021493820526598,2,75
1m,base,gat,3,0.01,0.939694344997406,0.0099942519144833,0.009512154419536,0.9512154419536074,0.2009345794392523,0.7818181818181819,0.3197026022304832,129,0.0302457466918714,0.0089686098654708,0.0138348465196714,16,513
1m,base,gat,3,0.05,0.4002776741981507,0.0499898017837607,0.0507314902375257,1.0146298047505145,0.0523034291652234,0.9151515151515152,0.0989515072083879,151,0.3020408163265306,0.6636771300448431,0.4151472650771388,1184,2736
1m,base,gat,4,0.001,0.997893512248993,0.0009827372012386,0.0011496171033357,1.1496171033357436,0.4513274336283185,0.3090909090909091,0.3669064748201439,51,0.0461538461538461,0.0016816143497757,0.0032449972958355,3,62
1m,base,gat,4,0.01,0.9421054720878602,0.0099942519144833,0.0094750699968478,0.9475069996847824,0.1952755905511811,0.7515151515151515,0.31,124,0.0285171102661596,0.0084080717488789,0.0129870129870129,15,511
1m,base,gat,4,0.05,0.4274135828018189,0.0499898017837607,0.0496745841909106,0.993491683818212,0.0540254237288135,0.9272727272727272,0.1021021021021021,153,0.3046976382039968,0.6580717488789237,0.4165336171722547,1174,2679
1m,base,gcn,0,0.001,0.99962055683136,0.0009827372012386,0.0008900261445179,0.8900261445179952,0.5826086956521739,0.406060606060606,0.4785714285714286,67,0.0,0.0,0.0,0,48
1m,base,gcn,0,0.01,0.958378553390503,0.0099942519144833,0.0091598524039977,0.91598524039977,0.2057877813504823,0.7757575757575758,0.3252858958068615,128,0.1482758620689655,0.0482062780269058,0.0727580372250423,86,494
1m,base,gcn,0,0.05,0.4921419024467469,0.0499898017837607,0.0515473475366672,1.0309469507333444,0.0521650187521309,0.9272727272727272,0.0987734021949645,153,0.2782969885773624,0.600896860986547,0.3804116394606103,1072,2780
1m,base,gcn,1,0.001,0.9992383718490602,0.0009827372012386,0.0009085683558621,0.90856835586212,0.5625,0.3818181818181818,0.4548736462093863,63,0.0,0.0,0.0,0,49
1m,base,gcn,1,0.01,0.9456274509429932,0.0099942519144833,0.0094379855741595,0.9437985574159572,0.1996855345911949,0.7696969696969697,0.317103620474407,127,0.0694698354661791,0.0213004484304932,0.0326040326040326,38,509
1m,base,gcn,1,0.05,0.5019161105155946,0.0499898017837607,0.0511950455211288,1.023900910422577,0.05217988328184,0.9212121212121211,0.0987654320987654,152,0.2815508717148061,0.6065022421524664,0.3845743735560689,1082,2761
1m,base,gcn,2,0.001,0.999622702598572,0.0009827372012386,0.0007973150877973,0.7973150877973707,0.6018518518518519,0.3939393939393939,0.4761904761904761,65,0.0,0.0,0.0,0,43
1m,base,gcn,2,0.01,0.9410536885261536,0.0099942519144833,0.0089558880792123,0.8955888079212326,0.2094926350245499,0.7757575757575758,0.3298969072164948,128,0.1757679180887372,0.0577354260089686,0.0869198312236286,103,483
1m,base,gcn,2,0.05,0.4883203804492951,0.0499898017837607,0.0513433832118818,1.0268676642376369,0.0526855969893944,0.9333333333333332,0.099740932642487,154,0.2846809609919917,0.6177130044843049,0.3897435897435897,1102,2769
1m,base,gcn,3,0.001,0.9996052384376528,0.0009827372012386,0.0008900261445179,0.8900261445179952,0.5862068965517241,0.4121212121212121,0.4839857651245551,68,0.0,0.0,0.0,0,48
1m,base,gcn,3,0.01,0.9460058808326722,0.0099942519144833,0.0091413101926535,0.9141310192653574,0.2073954983922829,0.7818181818181819,0.3278271918678526,129,0.2564102564102564,0.0952914798206278,0.1389456477319166,170,493
1m,base,gcn,3,0.05,0.4532354772090912,0.0499898017837607,0.0529750978101648,1.0595019562032968,0.0514608233731739,0.9393939393939394,0.0975763298709474,155,0.3006119951040392,0.6883408071748879,0.4184699267336855,1228,2857
1m,base,gcn,4,0.001,0.9988331198692324,0.0009827372012386,0.0008714839331738,0.8714839331738703,0.5607476635514018,0.3636363636363636,0.4411764705882353,60,0.0,0.0,0.0,0,47
1m,base,gcn,4,0.01,0.95376592874527,0.0099942519144833,0.0086406704863622,0.8640670486362203,0.2074829931972789,0.7393939393939394,0.3240371845949535,122,0.0411522633744856,0.0112107623318385,0.0176211453744493,20,466
1m,base,gcn,4,0.05,0.553545117378235,0.0499898017837607,0.0506758636034933,1.013517272069867,0.0520291363163371,0.9090909090909092,0.0984251968503937,150,0.2919689119170984,0.6317264573991032,0.3993621545003543,1127,2733
1m,base,gin,0,0.001,0.9699196219444276,0.0009827372012386,0.0014648346961858,1.4648346961858671,0.4697986577181208,0.4242424242424242,0.445859872611465,70,0.8740031897926634,0.3071748878923767,0.4545831605143094,548,79
1m,base,gin,0,0.01,0.7384357452392579,0.0099942519144833,0.0122564016984665,1.225640169846656,0.1611675126903553,0.7696969696969697,0.266526757607555,127,0.609338061465721,0.577914798206278,0.593210586881473,1031,661
1m,base,gin,0,0.05,0.2534574270248413,0.0499898017837607,0.0575735662235078,1.1514713244701562,0.0475460122699386,0.9393939393939394,0.0905109489051095,155,0.2941577631279836,0.7253363228699552,0.4185670386543749,1294,3105
1m,base,gin,1,0.001,0.9603066444396974,0.0009827372012386,0.0016317145982829,1.6317145982829913,0.432258064516129,0.406060606060606,0.41875,67,0.7215189873417721,0.1278026905829596,0.2171428571428571,228,88
1m,base,gin,1,0.01,0.6161944866180421,0.0099757097031391,0.012923921306855,1.2923921306855055,0.166267942583732,0.8424242424242424,0.2777222777222777,139,0.4277504105090312,0.2920403587443946,0.3471019320453031,521,697
1m,base,gin,1,0.05,0.2222969830036163,0.0499898017837607,0.05583059835716,1.116611967143201,0.0477545857052498,0.9151515151515152,0.0907724676886083,151,0.229923273657289,0.5039237668161435,0.3157709870038637,899,3011
1m,base,gin,2,0.001,0.9659551978111268,0.0009827372012386,0.0012052437373681,1.2052437373681186,0.5038167938931297,0.4,0.4459459459459459,66,0.7678571428571429,0.1205156950672645,0.2083333333333333,215,65
1m,base,gin,2,0.01,0.677616059780121,0.0099942519144833,0.0111067845951308,1.1106784595130816,0.186141304347826,0.8303030303030303,0.3041065482796892,137,0.5261075949367089,0.3727578475336323,0.4363517060367454,665,599
1m,base,gin,2,0.05,0.2288379520177841,0.0499898017837607,0.0556266340323747,1.112532680647494,0.0488268864933417,0.9333333333333332,0.0927990358541729,154,0.2563212692117005,0.5795964125560538,0.3554486077689928,1034,3000
1m,base,gin,3,0.001,0.986231863498688,0.0009827372012386,0.0012237859487122,1.223785948712243,0.4634146341463415,0.3454545454545454,0.3958333333333333,57,0.7667844522968198,0.1216367713004484,0.2099661344944363,217,66
1m,base,gin,3,0.01,0.73616361618042,0.0099942519144833,0.0129053790955109,1.290537909551093,0.1614457831325301,0.8121212121212121,0.2693467336683417,134,0.5561224489795918,0.4887892376681614,0.5202863961813843,872,696
1m,base,gin,3,0.05,0.3303234875202179,0.0499898017837607,0.0559418516252248,1.1188370325044965,0.0479646576207005,0.9212121212121211,0.0911817636472705,152,0.286929803828882,0.6804932735426009,0.4036575228595179,1214,3017
1m,base,gin,4,0.001,0.970710813999176,0.0009827372012386,0.0017058834436594,1.705883443659491,0.4712643678160919,0.4969696969696969,0.4837758112094395,82,0.7597911227154047,0.1631165919282511,0.2685740655283802,291,92
1m,base,gin,4,0.01,0.6530470848083497,0.0099942519144833,0.0137212363946524,1.3721236394652423,0.1581342434584755,0.8424242424242424,0.2662835249042146,139,0.4729344729344729,0.3721973094170404,0.4165621079046424,664,740
1m,base,gin,4,0.05,0.1814056932926178,0.0499898017837607,0.0556637184550629,1.113274369101259,0.0481927710843373,0.9212121212121211,0.0915938535703525,152,0.2515582149090002,0.5655829596412556,0.3482312338222605,1009,3002
1m,base,sage,0,0.001,0.9926302433013916,0.0009827372012386,0.0010754482579592,1.075448257959244,0.5944055944055944,0.5151515151515151,0.551948051948052,85,0.0169491525423728,0.0005605381165919,0.0010851871947911,1,58
1m,base,sage,0,0.01,0.7858862280845643,0.0099942519144833,0.0105319760434629,1.0531976043462945,0.2055944055944056,0.8909090909090909,0.3340909090909091,147,0.0517529215358931,0.0173766816143497,0.0260176248426353,31,568
1m,base,sage,0,0.05,0.1862587481737137,0.0499898017837607,0.0498785485156959,0.9975709703139196,0.0544815465729349,0.9393939393939394,0.1029900332225913,155,0.2303290414878397,0.4512331838565022,0.3049820041674559,805,2690
1m,base,sage,1,0.001,0.9902585744857788,0.0009827372012386,0.0011310748919916,1.131074891991619,0.5821917808219178,0.5151515151515151,0.5466237942122186,85,0.0317460317460317,0.0011210762331838,0.002165674066053,2,61
1m,base,sage,1,0.01,0.7524036169052125,0.0099942519144833,0.010847193636313,1.0847193636313066,0.2008196721311475,0.8909090909090909,0.3277591973244147,147,0.0579710144927536,0.0201793721973094,0.0299376299376299,36,585
1m,base,sage,1,0.05,0.160011813044548,0.0499898017837607,0.0499527173610724,0.9990543472214496,0.0550683970536653,0.9515151515151516,0.1041114058355437,157,0.2649386084583902,0.5442825112107623,0.3563956689300789,971,2694
1m,base,sage,2,0.001,0.9928031563758852,0.0009827372012386,0.0010569060466151,1.0569060466151192,0.5928571428571429,0.503030303030303,0.5442622950819672,83,0.05,0.0016816143497757,0.0032537960954446,3,57
1m,base,sage,2,0.01,0.7883166670799256,0.0099942519144833,0.0106061448888394,1.0606144888839442,0.2033426183844011,0.8848484848484849,0.3306908267270668,146,0.0592105263157894,0.0201793721973094,0.0301003344481605,36,572
1m,base,sage,2,0.05,0.1644752770662308,0.0499898017837607,0.0504348148560197,1.0086962971203943,0.0542420027816411,0.9454545454545454,0.1025978296612956,156,0.2490336830480397,0.5056053811659192,0.3337032926378098,902,2720
1m,base,sage,3,0.001,0.993246912956238,0.0009827372012386,0.0010939904693033,1.093990469303369,0.5815602836879432,0.4969696969696969,0.5359477124183006,82,0.0166666666666666,0.0005605381165919,0.0010845986984815,1,59
1m,base,sage,3,0.01,0.7787469625473024,0.0099942519144833,0.0106432293115276,1.064322931152769,0.2049861495844875,0.896969696969697,0.3337091319052988,148,0.2851805728518057,0.1283632286995515,0.1770390413606494,229,574
1m,base,sage,3,0.05,0.214528352022171,0.0499898017837607,0.0494149932320928,0.988299864641857,0.0556343019135365,0.9515151515151516,0.1051221961834616,157,0.2646247240618101,0.5375560538116592,0.3546597633136095,959,2665
1m,base,sage,4,0.001,0.9938215017318728,0.0009827372012386,0.0012794125827446,1.279412582744618,0.5660377358490566,0.5454545454545454,0.5555555555555556,90,0.028169014084507,0.0011210762331838,0.0021563342318059,2,69
1m,base,sage,4,0.01,0.765712857246399,0.0099942519144833,0.0110326157497543,1.1032615749754315,0.1991924629878869,0.896969696969697,0.3259911894273127,148,0.2752740560292326,0.1266816143497758,0.1735124760076775,226,595
1m,base,sage,4,0.05,0.1292104870080948,0.0499898017837607,0.0502864771652667,1.0057295433053344,0.0550522648083623,0.9575757575757576,0.1041186161449752,158,0.2721417069243156,0.5683856502242153,0.3680580762250454,1014,2712
1m,ours,gat,0,0.001,0.9958081245422364,0.0009827372012386,0.0010754482579592,1.075448257959244,0.5606060606060606,0.4484848484848485,0.4983164983164983,74,0.0,0.0,0.0,0,58
1m,ours,gat,0,0.01,0.8469068408012391,0.0099942519144833,0.0101425896052363,1.014258960523632,0.2026239067055393,0.8424242424242424,0.326674500587544,139,0.031858407079646,0.0100896860986547,0.0153256704980842,18,547
1m,ours,gat,0,0.05,0.3292934894561768,0.0499898017837607,0.0475051454636479,0.9501029092729598,0.056353591160221,0.9272727272727272,0.10625,153,0.2959604286892003,0.6036995515695067,0.397197123363452,1077,2562
1m,ours,gat,1,0.001,0.9925742149353028,0.0009827372012386,0.0008158572991414,0.8158572991414956,0.6333333333333333,0.4606060606060606,0.5333333333333333,76,0.0,0.0,0.0,0,44
1m,ours,gat,1,0.01,0.8182820677757264,0.0099942519144833,0.0103465539300216,1.0346553930021694,0.1994261119081779,0.8424242424242424,0.3225058004640371,139,0.2619047619047619,0.1109865470852018,0.1559055118110236,198,558
1m,ours,gat,1,0.05,0.2814946174621582,0.0499898017837607,0.0480428695926276,0.9608573918525524,0.0554137805322639,0.9212121212121211,0.1045392022008253,152,0.2790762381747356,0.5622197309417041,0.3730011156563778,1003,2591
1m,ours,gat,2,0.001,0.9963216781616212,0.0009827372012386,0.0004264708609148,0.4264708609148727,0.7261904761904762,0.3696969696969697,0.4899598393574297,61,0.0,0.0,0.0,0,23
1m,ours,gat,2,0.01,0.8601297736167909,0.0099942519144833,0.0106246871001835,1.0624687100183567,0.1929577464788732,0.8303030303030303,0.3131428571428571,137,0.2783375314861461,0.1238789237668161,0.1714507370054305,221,573
1m,ours,gat,2,0.05,0.3295159041881562,0.0499898017837607,0.0482653761287571,0.9653075225751424,0.0555152394775036,0.9272727272727272,0.1047586442998973,153,0.2976254722072315,0.6182735426008968,0.4018214936247723,1103,2603
1m,ours,gat,3,0.001,0.997076749801636,0.0009827372012386,0.0008714839331738,0.8714839331738703,0.5052631578947369,0.2909090909090909,0.3692307692307692,48,0.0,0.0,0.0,0,47
1m,ours,gat,3,0.01,0.8894941210746766,0.0099942519144833,0.0101425896052363,1.014258960523632,0.2014598540145985,0.8363636363636363,0.3247058823529412,138,0.0161870503597122,0.0050448430493273,0.0076923076923076,9,547
1m,ours,gat,3,0.05,0.3637146949768067,0.0499898017837607,0.0489143535258014,0.9782870705160296,0.0548190612683625,0.9272727272727272,0.1035182679296346,153,0.2484330484330484,0.4887892376681614,0.3294295428787306,872,2638
1m,ours,gat,4,0.001,0.9962583780288696,0.0009827372012386,0.0009085683558621,0.90856835586212,0.5701754385964912,0.3939393939393939,0.4659498207885305,65,0.0,0.0,0.0,0,49
1m,ours,gat,4,0.01,0.8437544703483583,0.0099942519144833,0.010253842873301,1.025384287330107,0.2008670520231213,0.8424242424242424,0.3243873978996499,139,0.0705882352941176,0.0235426008968609,0.0353089533417402,42,553
1m,ours,gat,4,0.05,0.3395117223262787,0.0499898017837607,0.0470972168140772,0.941944336281545,0.0568139621240252,0.9272727272727272,0.1070678796361091,153,0.3173877989787692,0.6619955156950673,0.4290644868301544,1181,2540
1m,ours,gcn,0,0.001,0.9946704506874086,0.0009827372012386,0.0009085683558621,0.90856835586212,0.631578947368421,0.509090909090909,0.5637583892617449,84,0.0,0.0,0.0,0,49
1m,ours,gcn,0,0.01,0.780689835548401,0.0099942519144833,0.0100684207598598,1.006842075985982,0.2061403508771929,0.8545454545454545,0.3321554770318021,141,0.3321033210332103,0.1513452914798206,0.2079322294955718,270,543
1m,ours,gcn,0,0.05,0.2526990473270417,0.0499898017837607,0.0497858374589753,0.9957167491795073,0.054910242872228,0.9454545454545454,0.1037924151696606,156,0.284953395472703,0.5997757847533632,0.3863513269543239,1070,2685
1m,ours,gcn,1,0.001,0.9961069226264956,0.0009827372012386,0.0007231462424208,0.723146242420871,0.6020408163265306,0.3575757575757576,0.4486692015209125,59,0.0,0.0,0.0,0,39
1m,ours,gcn,1,0.01,0.8117651343345643,0.0099942519144833,0.0106246871001835,1.0624687100183567,0.1963534361851332,0.8484848484848485,0.3189066059225512,140,0.1635036496350365,0.0627802690582959,0.0907249898744431,112,573
1m,ours,gcn,1,0.05,0.2733304500579834,0.0499898017837607,0.0477832786338098,0.9556655726761972,0.0563896008787989,0.9333333333333332,0.106353591160221,154,0.2883181441590721,0.5852017937219731,0.3863089731729879,1044,2577
1m,ours,gcn,2,0.001,0.9937644004821778,0.0009827372012386,0.0010198216239268,1.0198216239268696,0.5801526717557252,0.4606060606060606,0.5135135135135135,76,0.0,0.0,0.0,0,55
1m,ours,gcn,2,0.01,0.791711449623108,0.0099942519144833,0.0100498785485156,1.0049878548515696,0.2041116005873715,0.8424242424242424,0.3286052009456264,139,0.3316892725030826,0.1507847533632287,0.2073217726396917,269,542
1m,ours,gcn,2,0.05,0.2506672441959381,0.0499898017837607,0.0490256067938662,0.9805121358773248,0.056051410210639,0.9515151515151516,0.1058664868509777,157,0.284244721169464,0.5885650224215246,0.3833515881708653,1050,2644
1m,ours,gcn,3,0.001,0.9938382506370546,0.0009827372012386,0.0009085683558621,0.90856835586212,0.6171875,0.4787878787878787,0.5392491467576792,79,0.0,0.0,0.0,0,49
1m,ours,gcn,3,0.01,0.8043639063835145,0.0099942519144833,0.0107173981569041,1.0717398156904192,0.1949860724233983,0.8484848484848485,0.3171007927519819,140,0.35706340378198,0.1799327354260089,0.2392843831531867,321,578
1m,ours,gcn,3,0.05,0.2657435238361359,0.0499898017837607,0.0481726650720364,0.9634533014407298,0.0566448801742919,0.9454545454545454,0.1068859198355601,156,0.2966973470492691,0.6143497757847534,0.4001460387002555,1096,2598
1m,ours,gcn,4,0.001,0.9966398477554322,0.0009827372012386,0.0009641949898944,0.9641949898944948,0.5398230088495575,0.3696969696969697,0.4388489208633093,61,0.0,0.0,0.0,0,52
1m,ours,gcn,4,0.01,0.847135365009308,0.0099942519144833,0.0103465539300216,1.0346553930021694,0.1994261119081779,0.8424242424242424,0.3225058004640371,139,0.2228412256267409,0.0896860986547085,0.1278976818545164,160,558
1m,ours,gcn,4,0.05,0.3644973635673523,0.0499898017837607,0.0485435092989189,0.9708701859783798,0.0545323221379559,0.9151515151515152,0.1029311520109066,151,0.2966147232670607,0.6188340807174888,0.4010170722847802,1104,2618
1m,ours,gin,0,0.001,0.9984592199325564,0.0009827372012386,0.0005377241289796,0.5377241289796221,0.7734375,0.6,0.6757679180887372,99,0.0333333333333333,0.0005605381165919,0.0011025358324145,1,29
1m,ours,gin,0,0.01,0.5561079978942872,0.0099942519144833,0.0089929725019005,0.8992972501900577,0.2289348171701113,0.8727272727272727,0.36272040302267,144,0.3149717514124294,0.125,0.1789727126805778,223,485
1m,ours,gin,0,0.05,0.0552213378250599,0.0499898017837607,0.0507871168715581,1.015742337431162,0.053231939163498,0.9333333333333332,0.1007194244604316,154,0.2561108093427485,0.5285874439461884,0.345042078302232,943,2739
1m,ours,gin,1,0.001,0.99604731798172,0.0009641949898944,0.0010012794125827,1.0012794125827444,0.660377358490566,0.6363636363636364,0.6481481481481481,105,0.0181818181818181,0.0005605381165919,0.0010875475802066,1,54
1m,ours,gin,1,0.01,0.5023956894874574,0.0099942519144833,0.0086406704863622,0.8640670486362203,0.2360655737704918,0.8727272727272727,0.3716129032258065,144,0.1853146853146853,0.0594170403587443,0.0899830220713073,106,466
1m,ours,gin,1,0.05,0.0318203009665012,0.0499898017837607,0.0488401846804249,0.9768036936084996,0.0542190305206463,0.9151515151515152,0.1023728813559322,151,0.2246099499558433,0.4276905829596412,0.2945377340281799,763,2634
1m,ours,gin,2,0.001,0.9976266026496888,0.0009827372012386,0.0007787728764532,0.7787728764532459,0.7142857142857143,0.6363636363636364,0.6730769230769231,105,0.0232558139534883,0.0005605381165919,0.0010946907498631,1,42
1m,ours,gin,2,0.01,0.505951225757599,0.0099942519144833,0.009512154419536,0.9512154419536074,0.2239031770045385,0.896969696969697,0.3583535108958838,148,0.3258869908015768,0.1390134529147982,0.1948919449901768,248,513
1m,ours,gin,2,0.05,0.0695317983627319,0.0499898017837607,0.0499341751497283,0.9986835029945672,0.0527611677805135,0.9090909090909092,0.0997340425531914,150,0.2558717877866814,0.5190582959641256,0.342772533777531,926,2693
1m,ours,gin,3,0.001,0.9964433312416078,0.0009827372012386,0.0010383638352709,1.0383638352709943,0.6744186046511628,0.703030303030303,0.6884272997032641,116,0.1111111111111111,0.0039237668161434,0.0075798592311857,7,56
1m,ours,gin,3,0.01,0.5317641496658326,0.0099942519144833,0.0095863232649125,0.9586323264912572,0.2178517397881997,0.8727272727272727,0.3486682808716707,144,0.4016203703703703,0.1945067264573991,0.2620845921450151,347,517
1m,ours,gin,3,0.05,0.0311121195554733,0.0499898017837607,0.0513062987891936,1.026125975783872,0.0523972602739726,0.9272727272727272,0.0991896272285251,153,0.2410861217772902,0.4927130044843049,0.3237569060773481,879,2767
1m,ours,gin,4,0.001,0.9984459280967714,0.0009827372012386,0.0006860618197326,0.6860618197326213,0.7516778523489933,0.6787878787878788,0.7133757961783439,112,0.0263157894736842,0.0005605381165919,0.0010976948408342,1,37
1m,ours,gin,4,0.01,0.5465381145477296,0.0099942519144833,0.0100869629712039,1.0086962971203943,0.2115942028985507,0.8848484848484849,0.3415204678362573,146,0.3768613974799542,0.1844170403587444,0.24764772299586,329,544
1m,ours,gin,4,0.05,0.0363302156329155,0.0499898017837607,0.0501566816858578,1.003133633717157,0.0535339398180545,0.9272727272727272,0.1012239497188223,153,0.2442022911427773,0.4899103139013453,0.3259369755733731,874,2705
1m,ours,sage,0,0.001,0.991778314113617,0.0009827372012386,0.0012608703714004,1.2608703714004932,0.5853658536585366,0.5818181818181818,0.5835866261398176,96,0.0144927536231884,0.0005605381165919,0.0010793308148947,1,68
1m,ours,sage,0,0.01,0.7435521483421327,0.0099942519144833,0.0099015408577626,0.9901540857762696,0.2100591715976331,0.8606060606060606,0.3376932223543401,142,0.3840830449826989,0.1866591928251121,0.2512259524707657,333,534
1m,ours,sage,0,0.05,0.205896869301796,0.0499898017837607,0.0493593665980604,0.9871873319612096,0.0550230741924032,0.9393939393939394,0.1039570757880617,155,0.2987355110642782,0.6356502242152466,0.4064516129032258,1134,2662
1m,ours,sage,1,0.001,0.992050588130951,0.0009827372012386,0.0013535814281211,1.3535814281211178,0.5680473372781065,0.5818181818181818,0.5748502994011976,96,0.0135135135135135,0.0005605381165919,0.0010764262648008,1,73
1m,ours,sage,1,0.01,0.6677881479263307,0.0099942519144833,0.0095677810535684,0.9567781053568448,0.2193645990922844,0.8787878787878788,0.3510895883777239,145,0.4273029966703662,0.2158071748878924,0.286778398510242,385,516
1m,ours,sage,1,0.05,0.1729355156421661,0.0499898017837607,0.0496374997682223,0.9927499953644472,0.0547316384180791,0.9393939393939394,0.1034367701034367,155,0.2906730259671436,0.6149103139013453,0.3947463116228859,1097,2677
1m,ours,sage,2,0.001,0.9909720420837403,0.0009827372012386,0.0012608703714004,1.2608703714004932,0.6069364161849711,0.6363636363636364,0.621301775147929,105,0.0144927536231884,0.0005605381165919,0.0010793308148947,1,68
1m,ours,sage,2,0.01,0.7781286239624025,0.0099942519144833,0.0100869629712039,1.0086962971203943,0.2069970845481049,0.8606060606060606,0.3337250293772033,142,0.3818181818181818,0.1883408071748878,0.2522522522522522,336,544
1m,ours,sage,2,0.05,0.1949983835220337,0.0499898017837607,0.0497487530362871,0.994975060725742,0.0546159267089499,0.9393939393939394,0.1032301032301032,155,0.2871944739638682,0.6059417040358744,0.389689978370584,1081,2683
1m,ours,sage,3,0.001,0.991503655910492,0.0009827372012386,0.0012794125827446,1.279412582744618,0.5740740740740741,0.5636363636363636,0.5688073394495413,93,0.0142857142857142,0.0005605381165919,0.0010787486515641,1,69
1m,ours,sage,3,0.01,0.7987069487571717,0.0099942519144833,0.0099942519144833,0.999425191448332,0.2073529411764706,0.8545454545454545,0.3337278106508876,141,0.276510067114094,0.1154708520179372,0.1629102412020561,206,539
1m,ours,sage,3,0.05,0.2072537243366241,0.0499898017837607,0.0500825128404813,1.001650256809627,0.0546027301365068,0.9454545454545454,0.1032428855062872,156,0.2707883369330454,0.5622197309417041,0.3655247813411079,1003,2701
1m,ours,sage,4,0.001,0.9904969930648804,0.0009827372012386,0.0011681593146798,1.1681593146798688,0.6358381502890174,0.6666666666666666,0.650887573964497,110,0.015625,0.0005605381165919,0.001082251082251,1,63
1m,ours,sage,4,0.01,0.6912010312080384,0.0099942519144833,0.0095492388422243,0.9549238842224322,0.2208774583963691,0.8848484848484849,0.3535108958837772,146,0.3618339529120198,0.163677130044843,0.2253956001543805,292,515
1m,ours,sage,4,0.05,0.1478571444749832,0.0499898017837607,0.0493964510207487,0.9879290204149748,0.0553191489361702,0.9454545454545454,0.1045226130653266,156,0.2745098039215686,0.5650224215246636,0.3695014662756598,1008,2664
5m,base,gat,0,0.001,0.9999648332595826,0.000981244217668,0.0012895991028875,1.2895991028875806,0.2203389830508474,0.25,0.2342342342342342,13,0.0,0.0,0.0,0,46
5m,base,gat,0,0.01,0.980443298816681,0.0099806554711374,0.0109335576114381,1.0933557611438185,0.1034482758620689,0.8653846153846154,0.1848049281314168,45,0.2215568862275449,0.2251521298174442,0.2233400402414486,111,390
5m,base,gat,0,0.05,0.1641307026147842,0.0499873840029157,0.049341183067003,0.9868236613400616,0.0270867882808181,0.9423076923076924,0.0526598602901665,49,0.2028985507246377,0.9087221095334684,0.3317289892632358,448,1760
5m,base,gat,1,0.001,0.999883770942688,0.000981244217668,0.0011774600504625,1.1774600504625734,0.2758620689655172,0.3076923076923077,0.2909090909090909,16,0.0,0.0,0.0,0,42
5m,base,gat,1,0.01,0.9479384422302248,0.0099806554711374,0.0102887580599943,1.0288758059994394,0.1092233009708737,0.8653846153846154,0.1939655172413793,45,0.2385892116182572,0.2332657200811359,0.2358974358974359,115,367
5m,base,gat,1,0.05,0.155340850353241,0.0499873840029157,0.056349873843566,1.1269974768713205,0.024745269286754,0.9807692307692308,0.048272598201609,51,0.1937424789410348,0.9797160243407708,0.3235097119892833,483,2010
5m,base,gat,2,0.001,0.9999710321426392,0.000981244217668,0.0011774600504625,1.1774600504625734,0.2631578947368421,0.2884615384615384,0.2752293577981651,15,0.0,0.0,0.0,0,42
5m,base,gat,2,0.01,0.9853675365448,0.0099806554711374,0.0097000280347631,0.9700028034763106,0.0918635170603674,0.6730769230769231,0.161662817551963,35,0.218961625282167,0.1967545638945233,0.2072649572649572,97,346
5m,base,gat,2,0.05,0.2137878984212875,0.0499873840029157,0.0465377067563779,0.930754135127558,0.0281030444964871,0.9230769230769232,0.0545454545454545,48,0.2125237191650854,0.9087221095334684,0.344482891195694,448,1660
5m,base,gat,3,0.001,0.9999836683273317,0.000981244217668,0.0012895991028875,1.2895991028875806,0.2203389830508474,0.25,0.2342342342342342,13,0.0,0.0,0.0,0,46
5m,base,gat,3,0.01,0.9767284393310548,0.0099806554711374,0.0099803756658256,0.9980375665825624,0.094147582697201,0.7115384615384616,0.1662921348314607,37,0.1623529411764706,0.1399594320486815,0.1503267973856209,69,356
5m,base,gat,3,0.05,0.1570553481578827,0.0499873840029157,0.0513036164844407,1.026072329688814,0.0260777009047365,0.9423076923076924,0.0507509062661833,49,0.2088197146562905,0.9797160243407708,0.3442622950819672,483,1830
5m,base,gat,4,0.001,0.999347507953644,0.000981244217668,0.0011494252873563,1.1494252873563218,0.3050847457627119,0.3461538461538461,0.3243243243243243,18,0.0,0.0,0.0,0,41
5m,base,gat,4,0.01,0.9395606517791748,0.0099806554711374,0.0101766190075693,1.0176619007569383,0.1037037037037037,0.8076923076923077,0.1838074398249453,42,0.1768707482993197,0.1582150101419878,0.1670235546038544,78,363
5m,base,gat,4,0.05,0.2257880568504333,0.0499873840029157,0.0483880011213905,0.9677600224278105,0.0276056338028169,0.9423076923076924,0.053639846743295,49,0.195712954333644,0.8519269776876268,0.3183023872679045,420,1726
5m,base,gcn,0,0.001,0.9999859333038332,0.000981244217668,0.0008971124194,0.897112419400056,0.4385964912280701,0.4807692307692308,0.4587155963302752,25,0.0,0.0,0.0,0,32
5m,base,gcn,0,0.01,0.9548522233963014,0.0099806554711374,0.0088589851415755,0.8858985141575553,0.1246537396121883,0.8653846153846154,0.2179176755447942,45,0.3233404710920771,0.306288032454361,0.3145833333333333,151,316
5m,base,gcn,0,0.05,0.3942865431308747,0.0499873840029157,0.0498738435660218,0.9974768713204374,0.0268052516411378,0.9423076923076924,0.052127659574468,49,0.1779112754158965,0.7809330628803245,0.2898005269100489,385,1779
5m,base,gcn,1,0.001,0.9999792575836184,0.000981244217668,0.0008971124194,0.897112419400056,0.3725490196078431,0.3653846153846153,0.3689320388349514,19,0.0303030303030303,0.0020283975659229,0.0038022813688212,1,32
5m,base,gcn,1,0.01,0.958532750606537,0.0099806554711374,0.0088309503784693,0.8830950378469301,0.1176470588235294,0.8076923076923077,0.2053789731051344,42,0.2857142857142857,0.255578093306288,0.2698072805139186,126,315
5m,base,gcn,1,0.05,0.4920852184295655,0.0499873840029157,0.0480235492010092,0.9604709840201848,0.0272572402044293,0.9230769230769232,0.0529509100937672,48,0.1896877956480605,0.8133874239350912,0.3076332949750671,401,1713
5m,base,gcn,2,0.001,0.9999307394027712,0.000981244217668,0.0009812167087188,0.9812167087188112,0.396551724137931,0.4423076923076923,0.4181818181818181,23,0.054054054054054,0.0040567951318458,0.0075471698113207,2,35
5m,base,gcn,2,0.01,0.9659639596939088,0.0099806554711374,0.0090832632464255,0.9083263246425568,0.1123287671232876,0.7884615384615384,0.1966426858513189,41,0.3017241379310345,0.2839756592292089,0.2925809822361546,140,324
5m,base,gcn,2,0.05,0.4939197301864624,0.0499873840029157,0.0473787496495654,0.9475749929913092,0.0281771132834962,0.9423076923076924,0.0547180346175321,49,0.1882804995196926,0.795131845841785,0.3044660194174757,392,1690
5m,base,gcn,3,0.001,0.99993634223938,0.000981244217668,0.0009251471825063,0.9251471825063078,0.4210526315789473,0.4615384615384615,0.4403669724770642,24,0.0294117647058823,0.0020283975659229,0.0037950664136622,1,33
5m,base,gcn,3,0.01,0.9371427893638612,0.0099806554711374,0.008690776562938,0.8690776562938042,0.1242937853107344,0.8461538461538461,0.2167487684729064,44,0.3111111111111111,0.2839756592292089,0.2969247083775185,140,310
5m,base,gcn,3,0.05,0.4019279778003693,0.0499873840029157,0.0509952340902719,1.0199046818054387,0.0257096946973754,0.9230769230769232,0.0500260552371026,48,0.1791516245487364,0.8052738336713996,0.2930970837947582,397,1819
5m,base,gcn,4,0.001,0.9997436404228212,0.000981244217668,0.0009251471825063,0.9251471825063078,0.34,0.3269230769230769,0.3333333333333333,17,0.0294117647058823,0.0020283975659229,0.0037950664136622,1,33
5m,base,gcn,4,0.01,0.9500646591186525,0.0099806554711374,0.0089430894308943,0.8943089430894309,0.1114206128133704,0.7692307692307693,0.194647201946472,40,0.2799097065462754,0.2515212981744422,0.2649572649572649,124,319
5m,base,gcn,4,0.05,0.5338801741600038,0.0499873840029157,0.0488085225679843,0.976170451359686,0.0268306316377864,0.9230769230769232,0.0521455730581205,48,0.1939814814814814,0.8498985801217038,0.3158688277421786,419,1741
5m,base,gin,0,0.001,0.9435300827026368,0.000981244217668,0.0024670591533501,2.4670591533501542,0.1926605504587156,0.4038461538461538,0.2608695652173913,21,0.674074074074074,0.3691683569979716,0.4770642201834862,182,88
5m,base,gin,0,0.01,0.6507782936096193,0.0099806554711374,0.0156994673395009,1.569946733950098,0.0635451505016722,0.7307692307692307,0.1169230769230769,38,0.3700787401574803,0.6673427991886409,0.4761215629522431,329,560
5m,base,gin,0,0.05,0.2320273220539093,0.0499873840029157,0.064704233249229,1.2940846649845807,0.0187074829931972,0.8461538461538461,0.0366056572379367,44,0.1439169139465875,0.7870182555780934,0.2433364691125744,388,2308
5m,base,gin,1,0.001,0.9047698378562928,0.000981244217668,0.0047659097280627,4.765909728062798,0.15,0.5769230769230769,0.238095238095238,30,0.4444444444444444,0.2758620689655172,0.3404255319148936,136,170
5m,base,gin,1,0.01,0.5316185355186464,0.0099806554711374,0.0201850294365012,2.0185029436501263,0.0612777053455019,0.903846153846154,0.1147741147741147,47,0.2835820895522388,0.5780933062880325,0.3805073431241655,285,720
5m,base,gin,1,0.05,0.199461817741394,0.0499873840029157,0.0660779366414353,1.3215587328287075,0.0207727461570419,0.9615384615384616,0.0406669377795851,50,0.1305791220951678,0.718052738336714,0.2209737827715356,354,2357
5m,base,gin,2,0.001,0.965329706668854,0.000981244217668,0.0024670591533501,2.4670591533501542,0.2280701754385964,0.5,0.3132530120481928,26,0.5944700460829493,0.2616632860040568,0.3633802816901408,129,88
5m,base,gin,2,0.01,0.6289181709289552,0.0099806554711374,0.0164283711802635,1.6428371180263526,0.0698412698412698,0.8461538461538461,0.1290322580645161,44,0.2998805256869773,0.5091277890466531,0.3774436090225564,251,586
5m,base,gin,2,0.05,0.2171257734298706,0.0499873840029157,0.060246705915335,1.2049341183067002,0.0222929936305732,0.9423076923076924,0.0435555555555555,49,0.1274868047097036,0.6369168356997972,0.2124492557510149,314,2149
5m,base,gin,3,0.001,0.9823368787765504,0.000981244217668,0.0042612839921502,4.2612839921502665,0.146067415730337,0.5,0.2260869565217391,26,0.5264797507788161,0.3427991886409736,0.4152334152334152,169,152
5m,base,gin,3,0.01,0.7578646540641786,0.0099806554711374,0.017269414073451,1.726941407345108,0.0680786686838124,0.8653846153846154,0.126227208976157,45,0.3376344086021505,0.6369168356997972,0.4413211524947294,314,616
5m,base,gin,3,0.05,0.2149471491575241,0.0499873840029157,0.0597701149425287,1.1954022988505746,0.0229147571035747,0.9615384615384616,0.0447627573858549,50,0.1475409836065573,0.7484787018255578,0.2464929859719438,369,2132
5m,base,gin,4,0.001,0.9835212230682374,0.000981244217668,0.0019063638912251,1.906363891225119,0.2765957446808511,0.5,0.3561643835616438,26,0.6936936936936937,0.3123732251521298,0.4307692307692308,154,68
5m,base,gin,4,0.01,0.7066335678100587,0.0099806554711374,0.0169049621530698,1.6904962153069805,0.0680061823802163,0.8461538461538461,0.1258941344778254,44,0.3598726114649681,0.6876267748478702,0.4724738675958188,339,603
5m,base,gin,4,0.05,0.2781997919082642,0.0499873840029157,0.0626016260162601,1.2520325203252032,0.0214723926380368,0.9423076923076924,0.0419880034275921,49,0.1496572734196496,0.7971602434077079,0.252003847386983,393,2233
5m,base,sage,0,0.001,0.9948843121528628,0.000981244217668,0.0008690776562938,0.8690776562938043,0.515625,0.6346153846153846,0.5689655172413793,33,0.088235294117647,0.0060851926977687,0.0113851992409867,3,31
5m,base,sage,0,0.01,0.6716765165328981,0.0099806554711374,0.0092234370619568,0.9223437061956826,0.1296296296296296,0.9423076923076924,0.227906976744186,49,0.2606741573033708,0.2352941176470588,0.2473347547974413,116,329
5m,base,sage,0,0.05,0.0621312521398067,0.0499873840029157,0.049453322119428,0.9890664423885618,0.0286343612334801,1.0,0.0556745182012847,52,0.2003626473254759,0.896551724137931,0.3275287143386439,442,1764
5m,base,sage,1,0.001,0.9958972930908204,0.000981244217668,0.0008690776562938,0.8690776562938043,0.515625,0.6346153846153846,0.5689655172413793,33,0.0606060606060606,0.0040567951318458,0.0076045627376425,2,31
5m,base,sage,1,0.01,0.6845105290412904,0.0099806554711374,0.0096159237454443,0.961592374544435,0.125,0.9423076923076924,0.2207207207207207,49,0.2575757575757575,0.2413793103448276,0.2492146596858638,119,343
5m,base,sage,1,0.05,0.0659252032637596,0.0499873840029157,0.0530978413232408,1.0619568264648165,0.02672147995889,1.0,0.052052052052052,52,0.1940425531914893,0.924949290060852,0.3207879001055223,456,1894
5m,base,sage,2,0.001,0.9962343573570251,0.000981244217668,0.0007289038407625,0.7289038407625456,0.5517241379310345,0.6153846153846154,0.5818181818181818,32,0.1034482758620689,0.0060851926977687,0.0114942528735632,3,26
5m,base,sage,2,0.01,0.6894341707229615,0.0099806554711374,0.0093916456405943,0.9391645640594336,0.1276041666666666,0.9423076923076924,0.2247706422018348,49,0.2209302325581395,0.1926977687626775,0.2058504875406283,95,335
5m,base,sage,2,0.05,0.1232209056615829,0.0499873840029157,0.0473507148864592,0.947014297729184,0.0298678920160827,1.0,0.0580033463469046,52,0.2021728861596599,0.8681541582150102,0.3279693486590038,428,1689
5m,base,sage,3,0.001,0.9977566599845888,0.000981244217668,0.0008690776562938,0.8690776562938043,0.5079365079365079,0.6153846153846154,0.5565217391304348,32,0.0606060606060606,0.0040567951318458,0.0076045627376425,2,31
5m,base,sage,3,0.01,0.7346937060356141,0.0099806554711374,0.0089711241940005,0.897112419400056,0.1327913279132791,0.9423076923076924,0.2327790973871734,49,0.2540792540792541,0.2210953346855984,0.2364425162689804,109,320
5m,base,sage,3,0.05,0.1028543338179588,0.0499873840029157,0.0492570787776843,0.9851415755536864,0.0287451630735212,1.0,0.0558839333691563,52,0.2053369516056083,0.920892494929006,0.3357988165680473,454,1757
5m,base,sage,4,0.001,0.9953174591064454,0.000981244217668,0.0008690776562938,0.8690776562938043,0.515625,0.6346153846153846,0.5689655172413793,33,0.088235294117647,0.0060851926977687,0.0113851992409867,3,31
5m,base,sage,4,0.01,0.5801764726638795,0.0099806554711374,0.0099803756658256,0.9980375665825624,0.1209876543209876,0.9423076923076924,0.2144420131291028,49,0.2260869565217391,0.2109533468559837,0.2182581322140608,104,356
5m,base,sage,4,0.05,0.0489202849566936,0.0499873840029157,0.047995514437903,0.95991028875806,0.0289279636982416,0.9807692307692308,0.056198347107438,51,0.1920717319490325,0.8255578093306288,0.3116385911179173,407,1712
5m,ours,gat,0,0.001,0.995404362678528,0.000981244217668,0.0012895991028875,1.2895991028875806,0.3611111111111111,0.5,0.4193548387096774,26,0.1785714285714285,0.0202839756592292,0.0364298724954462,10,46
5m,ours,gat,0,0.01,0.8308865427970887,0.0099806554711374,0.0090832632464255,0.9083263246425568,0.1266846361185983,0.903846153846154,0.2222222222222222,47,0.2534562211981567,0.2231237322515213,0.2373247033441208,110,324
5m,ours,gat,0,0.05,0.2290987372398376,0.0499873840029157,0.048331931595178,0.9666386319035604,0.0287323943661971,0.9807692307692308,0.0558292282430213,51,0.1913696060037523,0.8275862068965517,0.3108571428571428,408,1724
5m,ours,gat,1,0.001,0.9947553873062136,0.000981244217668,0.0010372862349313,1.0372862349313148,0.4393939393939394,0.5576923076923077,0.4915254237288136,29,0.0512820512820512,0.0040567951318458,0.0075187969924812,2,37
5m,ours,gat,1,0.01,0.7723193168640138,0.0099806554711374,0.0091954022988505,0.9195402298850576,0.1253333333333333,0.903846153846154,0.2201405152224824,47,0.29004329004329,0.2718052738336714,0.2806282722513089,134,328
5m,ours,gat,1,0.05,0.1619701087474823,0.0499873840029157,0.0496776002242781,0.993552004485562,0.0285087719298245,1.0,0.0554371002132196,52,0.1871559633027523,0.8275862068965517,0.3052749719416386,408,1772
5m,ours,gat,2,0.001,0.9967114925384524,0.000981244217668,0.0007289038407625,0.7289038407625456,0.4347826086956521,0.3846153846153846,0.4081632653061224,20,0.0714285714285714,0.0040567951318458,0.0076775431861804,2,26
5m,ours,gat,2,0.01,0.8732469081878663,0.0099806554711374,0.0099523409027193,0.9952340902719372,0.119106699751861,0.9230769230769232,0.210989010989011,48,0.144578313253012,0.1217038539553752,0.13215859030837,60,355
5m,ours,gat,2,0.05,0.1963531225919723,0.0499873840029157,0.0485001401738155,0.9700028034763104,0.0291806958473625,1.0,0.0567066521264994,52,0.1908325537885874,0.8275862068965517,0.3101482326111744,408,1730
5m,ours,gat,3,0.001,0.9968231916427612,0.0009532086685917,0.0009812167087188,0.9812167087188112,0.453125,0.5576923076923077,0.5,29,0.0277777777777777,0.0020283975659229,0.0037807183364839,1,35
5m,ours,gat,3,0.01,0.8588898777961732,0.0099806554711374,0.009139332772638,0.9139332772638072,0.1306666666666666,0.9423076923076924,0.2295081967213114,49,0.3333333333333333,0.3306288032454361,0.3319755600814664,163,326
5m,ours,gat,3,0.05,0.1956909149885178,0.0499873840029157,0.0492010092514718,0.9840201850294364,0.0287769784172661,1.0,0.0559440559440559,52,0.188626907073509,0.8275862068965517,0.3072289156626506,408,1755
5m,ours,gat,4,0.001,0.9968547821044923,0.000981244217668003,0.0009812167087188113,0.9812167087188113,0.46153846153846156,0.5769230769230769,0.5128205128205128,30,0.125,0.010141987829614604,0.01876172607879925,5,35
5m,ours,gat,4,0.01,0.8513659834861756,0.009980655471137401,0.009223437061956826,0.9223437061956826,0.1273209549071618,0.9230769230769231,0.22377622377622378,48,0.2847826086956522,0.2657200811359026,0.27492130115424973,131,329
5m,ours,gat,4,0.05,0.19336394965648654,0.0499873840029157,0.04830389683207177,0.9660779366414354,0.029295774647887324,1.0,0.05692391899288451,52,0.1914594087282966,0.8275862068965517,0.31097560975609756,408,1723
5m,ours,gcn,0,0.001,0.9970940351486208,0.000981244217668,0.0008971124194,0.897112419400056,0.4385964912280701,0.4807692307692308,0.4587155963302752,25,0.0303030303030303,0.0020283975659229,0.0038022813688212,1,32
5m,ours,gcn,0,0.01,0.8006585240364076,0.0099806554711374,0.0096719932716568,0.9671993271656856,0.1198979591836734,0.903846153846154,0.2117117117117117,47,0.2930327868852459,0.2900608519269776,0.291539245667686,143,345
5m,ours,gcn,0,0.05,0.1415664851665497,0.0499873840029157,0.0489767311466218,0.9795346229324362,0.0289049471928849,1.0,0.0561858454889249,52,0.2109304426377597,0.947261663286004,0.3450314000738825,467,1747
5m,ours,gcn,1,0.001,0.9966835379600526,0.000981244217668,0.0009812167087188,0.9812167087188112,0.4262295081967213,0.5,0.4601769911504424,26,0.0789473684210526,0.0060851926977687,0.0112994350282485,3,35
5m,ours,gcn,1,0.01,0.7693821787834169,0.0099806554711374,0.0093355761143818,0.9335576114381834,0.1213720316622691,0.8846153846153846,0.2134570765661252,46,0.3018867924528302,0.2920892494929006,0.2969072164948453,144,333
5m,ours,gcn,1,0.05,0.1439320147037506,0.0499873840029157,0.0486122792262405,0.9722455845248108,0.0291153415453527,1.0,0.0565832426550598,52,0.1931130758492322,0.8417849898580122,0.3141559424678274,415,1734
5m,ours,gcn,2,0.001,0.9948478937149048,0.000981244217668,0.0009251471825063,0.9251471825063078,0.3653846153846153,0.3653846153846153,0.3653846153846153,19,0.0833333333333333,0.0060851926977687,0.0113421550094517,3,33
5m,ours,gcn,2,0.01,0.8024443984031678,0.0099806554711374,0.0093355761143818,0.9335576114381834,0.1096256684491978,0.7884615384615384,0.1924882629107981,41,0.2745098039215686,0.255578093306288,0.2647058823529412,126,333
5m,ours,gcn,2,0.05,0.1429818123579025,0.0499873840029157,0.048780487804878,0.975609756097561,0.0257558790593505,0.8846153846153846,0.0500544069640914,46,0.2123132639203259,0.95131845841785,0.3471502590673575,469,1740
5m,ours,gcn,3,0.001,0.9946802258491516,0.000981244217668,0.0008690776562938,0.8690776562938043,0.4918032786885246,0.5769230769230769,0.5309734513274337,30,0.088235294117647,0.0060851926977687,0.0113851992409867,3,31
5m,ours,gcn,3,0.01,0.7822036743164064,0.0099806554711374,0.0094477151668068,0.944771516680684,0.1223958333333333,0.903846153846154,0.2155963302752293,47,0.2935010482180293,0.2839756592292089,0.2886597938144329,140,337
5m,ours,gcn,3,0.05,0.1317851990461349,0.0499873840029157,0.0495093916456405,0.990187832912812,0.0286028602860286,1.0,0.055614973262032,52,0.2091356918943125,0.947261663286004,0.342626559060895,467,1766
5m,ours,gcn,4,0.001,0.995577931404114,0.000981244217668,0.0012895991028875,1.2895991028875806,0.3235294117647059,0.4230769230769231,0.3666666666666666,22,0.0416666666666666,0.0040567951318458,0.0073937153419593,2,46
5m,ours,gcn,4,0.01,0.8308711647987367,0.0099806554711374,0.008690776562938,0.8690776562938042,0.1340782122905028,0.9230769230769232,0.2341463414634146,48,0.3246187363834422,0.3022312373225152,0.3130252100840336,149,310
5m,ours,gcn,4,0.05,0.188197135925293,0.0499873840029157,0.0478833753854779,0.95766750770956,0.0295454545454545,1.0,0.0573951434878587,52,0.1928166351606805,0.8275862068965517,0.3127635109237255,408,1708
5m,ours,gin,0,0.001,0.9900420904159548,0.000981244217668,0.0009251471825063,0.9251471825063078,0.45,0.5192307692307693,0.4821428571428571,27,0.1538461538461538,0.0121703853955375,0.0225563909774436,6,33
5m,ours,gin,0,0.01,0.4245577454566956,0.0099806554711374,0.0116624614522007,1.166246145220073,0.0897155361050328,0.7884615384615384,0.1611001964636542,41,0.2352941176470588,0.2596348884381338,0.2468659594985535,128,416
5m,ours,gin,0,0.05,0.0101221138611435,0.0499593484538394,0.0484721054107092,0.9694421082141856,0.0253664036076662,0.8653846153846154,0.0492880613362541,45,0.1961878196187819,0.8559837728194726,0.3192133131618759,422,1729
5m,ours,gin,1,0.001,0.9972894191741944,0.000981244217668,0.0010933557611438,1.0933557611438185,0.4,0.5,0.4444444444444444,26,0.048780487804878,0.0040567951318458,0.0074906367041198,2,39
5m,ours,gin,1,0.01,0.5889127254486085,0.0099806554711374,0.0093916456405943,0.9391645640594336,0.1090425531914893,0.7884615384615384,0.1915887850467289,41,0.3006263048016701,0.2920892494929006,0.2962962962962963,144,335
5m,ours,gin,1,0.05,0.0046348473988473,0.0499873840029157,0.0496495654611718,0.9929913092234368,0.0247797356828193,0.8653846153846154,0.0481798715203426,45,0.1953657428441617,0.8722109533468559,0.3192279138827023,430,1771
5m,ours,gin,2,0.001,0.9887619614601136,0.000981244217668,0.0007289038407625,0.7289038407625456,0.5185185185185185,0.5384615384615384,0.5283018867924528,28,0.2121212121212121,0.0141987829614604,0.026615969581749,7,26
5m,ours,gin,2,0.01,0.4371518790721894,0.0099806554711374,0.0111858704793944,1.1185870479394449,0.0869565217391304,0.7307692307692307,0.1554192229038855,38,0.3225806451612903,0.385395537525355,0.3512014787430684,190,399
5m,ours,gin,2,0.05,0.0126801347360014,0.0499873840029157,0.048668348752453,0.9733669750490608,0.0247191011235955,0.8461538461538461,0.0480349344978165,44,0.1834430856067732,0.7910750507099391,0.2978235967926689,390,1736
5m,ours,gin,3,0.001,0.9950919151306152,0.000981244217668,0.0011774600504625,1.1774600504625734,0.4473684210526316,0.6538461538461539,0.53125,34,0.1063829787234042,0.0101419878296146,0.0185185185185185,5,42
5m,ours,gin,3,0.01,0.424347996711731,0.0099806554711374,0.0119428090832632,1.1942809083263246,0.0936170212765957,0.8461538461538461,0.1685823754789272,44,0.2310469314079422,0.2596348884381338,0.2445081184336198,128,426
5m,ours,gin,3,0.05,0.0183887314051389,0.0499873840029157,0.0471264367816091,0.942528735632184,0.0288850375505488,0.9615384615384616,0.0560852495793606,50,0.1595,0.6470588235294118,0.2559165663858804,319,1681
5m,ours,gin,4,0.001,0.979227125644684,0.000981244217668,0.00112139052425,1.12139052425007,0.4520547945205479,0.6346153846153846,0.528,33,0.4029850746268656,0.0547667342799188,0.0964285714285714,27,40
5m,ours,gin,4,0.01,0.5485969185829164,0.0099806554711374,0.0113540790580319,1.1354079058031958,0.0857787810383747,0.7307692307692307,0.1535353535353535,38,0.3928035982008995,0.5314401622718052,0.4517241379310345,262,405
5m,ours,gin,4,0.05,0.0065608699806034,0.0499873840029157,0.0481637230165405,0.9632744603308102,0.0249716231555051,0.8461538461538461,0.0485115766262403,44,0.2071988924780803,0.9107505070993914,0.337593984962406,449,1718
5m,ours,sage,0,0.001,0.995984435081482,0.000981244217668,0.0006167647883375,0.6167647883375386,0.5217391304347826,0.4615384615384615,0.4897959183673469,24,0.0833333333333333,0.0040567951318458,0.0077369439071566,2,22
5m,ours,sage,0,0.01,0.73442280292511,0.0099806554711374,0.0111298009531819,1.1129800953181943,0.1098654708520179,0.9423076923076924,0.1967871485943775,49,0.2306201550387596,0.2413793103448276,0.2358771060455897,119,397
5m,ours,sage,0,0.05,0.0841428562998771,0.0499873840029157,0.0496776002242781,0.993552004485562,0.0285087719298245,1.0,0.0554371002132196,52,0.2124444444444444,0.969574036511156,0.3485235144002916,478,1772
5m,ours,sage,1,0.001,0.9948568344116212,0.000981244217668,0.000784973366975,0.784973366975049,0.4909090909090909,0.5192307692307693,0.5046728971962616,27,0.0344827586206896,0.0020283975659229,0.003831417624521,1,28
5m,ours,sage,1,0.01,0.6981609463691713,0.0099806554711374,0.0108774880852256,1.087748808522568,0.1121281464530892,0.9423076923076924,0.2004089979550102,49,0.2651515151515151,0.2839756592292089,0.2742409402546523,140,388
5m,ours,sage,1,0.05,0.0919875279068947,0.0499873840029157,0.0508270255116344,1.0165405102326883,0.0273605150214592,0.9807692307692308,0.0532359081419624,51,0.2044756472136902,0.9452332657200812,0.3362193362193362,466,1813
5m,ours,sage,2,0.001,0.9941868782043458,0.000981244217668,0.0007289038407625,0.7289038407625456,0.543859649122807,0.5961538461538461,0.5688073394495413,31,0.037037037037037,0.0020283975659229,0.0038461538461538,1,26
5m,ours,sage,2,0.01,0.7457877397537233,0.0099806554711374,0.0106251752172694,1.0625175217269414,0.1124121779859484,0.9230769230769232,0.2004175365344467,48,0.2697495183044316,0.2839756592292089,0.2766798418972332,140,379
5m,ours,sage,2,0.05,0.1090928241610527,0.0499873840029157,0.0474628539388842,0.9492570787776844,0.0297994269340974,1.0,0.0578742348358375,52,0.2151135836810384,0.9411764705882352,0.350188679245283,464,1693
5m,ours,sage,3,0.001,0.996181845664978,0.000981244217668,0.0005326604990187,0.5326604990187833,0.5581395348837209,0.4615384615384615,0.5052631578947369,24,0.05,0.0020283975659229,0.0038986354775828,1,19
5m,ours,sage,3,0.01,0.7815281748771669,0.0099806554711374,0.0100364451920381,1.0036445192038126,0.1182266009852216,0.9230769230769232,0.2096069868995633,48,0.2217391304347826,0.2068965517241379,0.2140608604407135,102,358
5m,ours,sage,3,0.05,0.104148730635643,0.0499873840029157,0.049116904962153,0.9823380992430614,0.0288248337028824,1.0,0.0560344827586206,52,0.2122302158273381,0.9574036511156186,0.347442031652558,472,1752
5m,ours,sage,4,0.001,0.9952731728553772,0.000981244217668,0.0007569386038687,0.7569386038687973,0.5423728813559322,0.6153846153846154,0.5765765765765766,32,0.0357142857142857,0.0020283975659229,0.0038387715930902,1,27
5m,ours,sage,4,0.01,0.7417298555374147,0.0099806554711374,0.0105691056910569,1.056910569105691,0.1108490566037735,0.903846153846154,0.1974789915966386,47,0.2777777777777778,0.2941176470588235,0.2857142857142857,145,377
5m,ours,sage,4,0.05,0.0674696937203407,0.0499873840029157,0.0506307821698906,1.0126156433978133,0.0264150943396226,0.9423076923076924,0.0513896171997902,49,0.2047556142668428,0.9432048681541582,0.3364688856729377,465,1806
