window,method,backbone,alpha,num_seeds,num_runs,threshold_mean,threshold_std,validation_fpr_mean,validation_fpr_std,test_fpr_mean,test_fpr_std,violation_ratio_mean,violation_ratio_std,seen_precision_mean,seen_precision_std,seen_recall_mean,seen_recall_std,seen_f1_mean,seen_f1_std,ood_precision_mean,ood_precision_std,ood_recall_mean,ood_recall_std,ood_f1_mean,ood_f1_std,violation_ratio_p90,violation_ratio_p95,strict_ok,b3_ok,b5_ok,b10_ok
1m,base,gat,0.001,5,5,0.9970377087593081,0.0019134472047161477,0.0009827372012386,0.0,0.0011978268528304,0.0001752214445113507,1.1978268528304685,0.17522144451135632,0.4528475278363741,0.03288344240141075,0.32484848484848483,0.0583834888668717,0.37669067294710706,0.046816429128465155,0.04836222600928478,0.02647574201137204,0.0019058295964124998,0.0011623565781013216,0.00366559102764024,0.002227272242129814,1.3684151971964176,1.3795405240028926,0.2,1.0,1.0,1.0
1m,base,gat,0.01,5,5,0.9405031323432922,0.024024767125399093,0.0099942519144833,0.0,0.00931931542155712,0.00025645963029825484,0.9319315421557176,0.025645963029827103,0.20245935216983196,0.005259192943065012,0.7733333333333333,0.03166630418815304,0.3208725395620061,0.008794031264502096,0.04436030644093657,0.03642825518213439,0.01356502242152462,0.012212786523900112,0.02076352989821708,0.018310824808026763,0.952327974634255,0.9526988188611375,1.0,1.0,1.0,1.0
1m,base,gat,0.05,5,5,0.4035952687263489,0.05457453826468868,0.0499898017837607,0.0,0.049759878363093535,0.0010716531963239713,0.9951975672618716,0.021433063926478767,0.053279976981466096,0.0010615491490398067,0.9151515151515153,0.01766955119650088,0.10069555154013914,0.0019464977911681494,0.318715617216589,0.019787675724223585,0.7044843049327355,0.05612299542196612,0.43884111654561747,0.029475230269691538,1.017077376647939,1.0178932339470805,0.6,1.0,1.0,1.0
1m,base,gcn,0.001,5,5,0.9993839979171755,0.00034876961884679127,0.0009827372012386,0.0,0.0008714839331737999,4.348534015523567e-05,0.8714839331738704,0.0434853401552301,0.5787830215214304,0.017265077199423915,0.3915151515151515,0.019450674588946934,0.46695955733681627,0.01817122710597936,0.0,0.0,0.0,0.0,0.0,0.0,0.9011514713244702,0.9048599135932951,1.0,1.0,1.0,1.0
1m,base,gcn,0.01,5,5,0.9489663004875183,0.0069668566259694946,0.0099942519144833,0.0,0.009067141347277041,0.00029405632247042325,0.9067141347277076,0.029405632247044695,0.20596888851115777,0.003750261808569562,0.7684848484848484,0.016817499303650445,0.32483015999211384,0.004878269302016777,0.1382152270817248,0.08606485015410568,0.04674887892376678,0.03312775526769655,0.06976973883181388,0.0479299684109047,0.9326732306094824,0.9382358940127198,1.0,1.0,1.0,1.0
1m,base,gcn,0.05,5,5,0.49783179759979257,0.0361674210035174,0.0499898017837607,0.0,0.05154734753666719,0.0008607661188136868,1.0309469507333444,0.017215322376273625,0.05210409174257526,0.0004378976253048576,0.9260606060606061,0.011657808522225033,0.0986562587315116,0.000778105848372053,0.28742194566105955,0.008942869428482663,0.6290358744394619,0.035185545077440386,0.3945123367988618,0.015147776854543028,1.0480799540153158,1.0537909551093063,0.0,1.0,1.0,1.0
1m,base,gin,0.001,5,5,0.9706248283386232,0.009648246269596242,0.0009827372012386,0.0,0.0014462924848416799,0.00022897941879859165,1.4462924848417422,0.22897941879862183,0.4681105036179626,0.025471476539974103,0.41454545454545455,0.0546463712913932,0.43803299262003675,0.033048923513253406,0.7779909790007606,0.056936249673738365,0.16804932735426006,0.07970824424592582,0.27171991020266323,0.10518900407763739,1.676215905508891,1.691049674584191,0.0,1.0,1.0,1.0
1m,base,gin,0.01,5,5,0.6842913985252381,0.05310436409527086,0.009990543472214461,8.292329003760096e-06,0.01258274461812312,0.0009748866286445349,1.2582744618123158,0.09748866286445378,0.1666313572425838,0.011288432409611578,0.8193939393939393,0.030424000964875488,0.2767971684364156,0.015954506195461515,0.5184505977651052,0.07077529693584428,0.42073991031390134,0.11242430048928717,0.4627025458099096,0.09557072940698919,1.3402310359533476,1.356177337709295,0.0,1.0,1.0,1.0
1m,base,gin,0.05,5,5,0.2432643085718155,0.05513038429970823,0.0499898017837607,0.0,0.056127273738666036,0.0008184868982345407,1.1225454747733212,0.016369737964690614,0.04805698263471358,0.0004930134327332271,0.926060606060606,0.009958591954639398,0.09137161393310274,0.0008975922572150338,0.26377806494697104,0.026504737810821577,0.6109865470852018,0.09002266584356106,0.3683350780218019,0.042143013389006466,1.1384176076838923,1.1449444660770243,0.0,1.0,1.0,1.0
1m,base,sage,0.001,5,5,0.9925520777702331,0.0013623087721195586,0.0009827372012386,0.0,0.00112736644972276,8.931111664010292e-05,1.127366449722794,0.08931111664009421,0.583410507524331,0.011367197030697461,0.5151515151515151,0.01868004243323932,0.5468674818432188,0.007539604821159436,0.028706173007915625,0.013657723016609391,0.0010089686098654202,0.0004689798355011398,0.0019491180573152204,0.0009063374217265959,1.2200775064434184,1.2497450445940181,0.0,1.0,1.0,1.0
1m,base,sage,0.01,5,5,0.7742132663726807,0.015030270397168552,0.0099942519144833,0.0,0.010732231925979437,0.00020455345342044364,1.0732231925979492,0.020455345342043126,0.20278706173646568,0.002730273434634963,0.8921212121212122,0.0050706668274792385,0.3304482508950004,0.0035727283958507865,0.14587781824509488,0.12272628651855376,0.06255605381165916,0.05931992444045311,0.08732142131935053,0.08031727244603223,1.0958446904377817,1.0995531327066066,0.0,1.0,1.0,1.0
1m,base,sage,0.05,5,5,0.17089693546295165,0.031769361703266476,0.0499898017837607,0.0,0.049993510226029506,0.00039690728416236936,0.9998702045205909,0.007938145683247008,0.05489570262602802,0.0005474286968746326,0.9490909090909092,0.006910154091509952,0.10378801620957348,0.0010058869515769987,0.25621355279607905,0.016749171230018577,0.5214125560538116,0.04518055445826522,0.3435597610547999,0.02486730445496178,1.0075095955943703,1.0081029463573823,0.6,1.0,1.0,1.0
1m,ours,gat,0.001,5,5,0.9956078290939333,0.001755950994743126,0.0009827372012386,0.0,0.00081956574141026,0.00024011984711102004,0.8195657414103206,0.24011984711100728,0.5991136933242197,0.08433219413521027,0.39272727272727276,0.06821884516487374,0.4713580522053123,0.061993851847783076,0.0,0.0,0.0,0.0,0.0,0.0,1.0086962971203943,1.042072277539819,0.8,1.0,1.0,1.0
1m,ours,gat,0.01,5,5,0.8517134547233584,0.02599192074754039,0.0099942519144833,0.0,0.010302052622795741,0.00019953349357235275,1.0302052622795794,0.01995334935723734,0.19946693422606204,0.0038167304710691108,0.8387878787878789,0.005420770854544936,0.32228328768940584,0.005319209948586659,0.1317751972248768,0.12796684178611814,0.054708520179372166,0.0578368324478163,0.07713663606971723,0.0798316207275361,1.0513433832118817,1.0569060466151192,0.0,1.0,1.0,1.0
1m,ours,gat,0.05,5,5,0.3287060856819153,0.029884310635869476,0.0499898017837607,0.0,0.04796499230498224,0.0007003705200128909,0.9592998460996458,0.014007410400257799,0.055783126912475244,0.0007946152660056314,0.926060606060606,0.00271038542727249,0.10522679881329326,0.0014184106241603826,0.287696597296597,0.025808805592074362,0.5869955156950672,0.06546115706214503,0.38610275247069736,0.03741450280578605,0.9730952513396747,0.9756911609278521,1.0,1.0,1.0,1.0
1m,ours,gcn,0.001,5,5,0.9950039744377138,0.0013133230639721053,0.0009827372012386,0.0,0.00090485991359324,0.00011156187689077573,0.904859913593295,0.11156187689077772,0.5941565888600469,0.035851305548159344,0.4351515151515152,0.06767827527342361,0.5008078343834319,0.055134574316088564,0.0,0.0,0.0,0.0,0.0,0.0,0.9975709703139197,1.0086962971203945,0.8,1.0,1.0,1.0
1m,ours,gcn,0.01,5,5,0.8071331381797793,0.02532972027300181,0.0099942519144833,0.0,0.010361387699096919,0.00030787888843158436,1.0361387699096993,0.030787888843159507,0.20020351439625475,0.004826186970034951,0.8472727272727273,0.0050706668274792385,0.32385477542319974,0.0063911772509038485,0.28144017451601006,0.08389496376433875,0.12690582959641256,0.048674271758736565,0.17463221140348195,0.06241382060006637,1.0680313734215943,1.0698855945560066,0.0,1.0,1.0,1.0
1m,ours,gcn,0.05,5,5,0.28138752579689025,0.04739108803245567,0.0499898017837607,0.0,0.04866217945152132,0.0007779557074625902,0.9732435890304277,0.015559114149251646,0.05570569125478274,0.0009325855202635584,0.9381818181818181,0.014469498650076785,0.10516591300546521,0.0017132177047615587,0.29016566622351375,0.006121517084267078,0.6013452914798207,0.015011541471991477,0.39143499985664254,0.008443336632725208,0.9896349038586343,0.9926758265190707,1.0,1.0,1.0,1.0
1m,ours,gin,0.001,5,5,0.9974044799804689,0.001119388741090792,0.0009790287589697597,8.292329003759806e-06,0.0008084404146038001,0.00021165753537111343,0.8084404146038455,0.21165753537113738,0.7148394059552873,0.04845376694581385,0.6509090909090909,0.04033833040556058,0.6797592170390833,0.023796287769494887,0.042439573210687004,0.03877865206073342,0.0012331838565022,0.0015040815992150738,0.00239246564690082,0.0028998462635538677,1.0235300661956943,1.0309469507333444,0.6,1.0,1.0,1.0
1m,ours,gin,0.01,5,5,0.5285514354705811,0.02391703794547298,0.0099942519144833,0.0,0.00936381672878302,0.0005601159803079067,0.9363816728783074,0.05601159803079191,0.22366990212637844,0.009501315013322404,0.8800000000000001,0.010841541709089915,0.35657511317045765,0.011792187654607976,0.3209310390758032,0.08380161566223662,0.1404708520179372,0.053996145359908904,0.19471599897658742,0.06811235795541312,0.9886707088687394,0.9986835029945669,0.8,1.0,1.0,1.0
1m,ours,gin,0.05,5,5,0.04480315446853636,0.01693984937842032,0.0499898017837607,0.0,0.05020489143535254,0.0009340932276616689,1.0040978287070517,0.018681864553232733,0.05322866751133698,0.0007042397971974109,0.9224242424242425,0.009958591954639323,0.1006479850633805,0.001252418118904653,0.24437619200106814,0.012955781477763061,0.4915919282511211,0.03940347733923006,0.32640924555173284,0.020236049813911465,1.021972520442788,1.02404924811333,0.4,1.0,1.0,1.0
1m,ours,sage,0.001,5,5,0.991360318660736,0.000626064591717731,0.0009827372012386,0.0,0.00126457881366926,6.60789886381155e-05,1.2645788136693183,0.06607898863809485,0.594052366296941,0.027671735044895365,0.606060606060606,0.0434930305891131,0.5998867228205965,0.03506470805435243,0.014481947009120899,0.0007555088389494264,0.0005605381165919,0.0,0.0010792175256810603,2.0760006378916587e-06,1.3239138899705178,1.3387476590458178,0.0,1.0,1.0,1.0
1m,ours,sage,0.01,5,5,0.7358753800392152,0.055730925080810866,0.0099942519144833,0.0,0.0098199551278485,0.0002475923366197567,0.9819955127848546,0.02475923366197616,0.21293025096217244,0.00669161577501679,0.8678787878787878,0.01313908084162354,0.34194930932878637,0.00962498158865442,0.36630964869947213,0.05558910283797559,0.17399103139013447,0.03756985557250313,0.2357124889179393,0.0461751121040698,1.0049878548515694,1.0068420759859817,0.8,1.0,1.0,1.0
1m,ours,sage,0.05,5,5,0.18578832745552062,0.02526811857364694,0.0499898017837607,0.0,0.04964491665275996,0.00029393937821350306,0.9928983330552,0.005878787564269941,0.05485850367842184,0.00030807304032563895,0.9418181818181818,0.003319530651546422,0.10367788953864307,0.0005566377787019523,0.2843802303699808,0.011573225703320564,0.5967488789237667,0.03211888299325587,0.38518283010269266,0.01729508411876557,0.998980178376073,1.00031521759285,0.8,1.0,1.0,1.0
5m,base,gat,0.001,5,5,0.999830162525177,0.0002726599461665332,0.000981244217668,0.0,0.00121670871881126,6.751665028757678e-05,1.216708718811326,0.06751665028759354,0.2569565351133532,0.036721556917650035,0.28846153846153844,0.04079462199153157,0.27178624830000975,0.038594348892023816,0.0,0.0,0.0,0.0,0.0,0.0,1.2895991028875806,1.2895991028875806,0.0,1.0,1.0,1.0
5m,base,gat,0.01,5,5,0.9660076737403871,0.020760951760358602,0.0099806554711374,0.0,0.01021586767591808,0.0004592056543121386,1.0215867675918138,0.045920565431216885,0.10047727605884293,0.0072455415442254124,0.7846153846153847,0.08854511102477952,0.17810656751623302,0.013590916074224474,0.2036662825207519,0.03239762728647392,0.19066937119675453,0.04082071358518888,0.1967705570786634,0.036704527948087984,1.0675637790860668,1.0804597701149428,0.4,1.0,1.0,1.0
5m,base,gat,0.05,5,5,0.18322057127952576,0.033810771737683216,0.0499873840029157,0.0,0.05038407625455562,0.00375175943931027,1.0076815250911129,0.07503518878620545,0.026723687354322522,0.0013363882753156494,0.9461538461538463,0.021066252211737132,0.05197373320934166,0.0025027066042616723,0.20273948356413846,0.008109315384258724,0.925760649087221,0.054438956019783234,0.332457254959617,0.011884065746548251,1.0866274179983177,1.106812447434819,0.6,1.0,1.0,1.0
5m,base,gcn,0.001,5,5,0.9999151825904848,9.90299558479722e-05,0.000981244217668,0.0,0.00092514718250628,3.433543233507825e-05,0.9251471825063078,0.034335432335059916,0.39374997331055833,0.039060962591618315,0.41538461538461535,0.06605986168199104,0.40390595183148853,0.051819331789951836,0.028636122753769783,0.019170814925352518,0.0020283975659229,0.0014342936738063698,0.0037879168014932603,0.0026683611759671165,0.9587888982338099,0.9700028034763105,1.0,1.0,1.0,1.0
5m,base,gcn,0.01,5,5,0.9533112764358522,0.010743477112651114,0.0099806554711374,0.0,0.00888141295206052,0.00014486134771811665,0.8881412952060554,0.014486134771812584,0.118068792736622,0.006313400583855303,0.8153846153846155,0.03987777183332254,0.20626706098412514,0.010886246280908372,0.3003599424789568,0.017876386402862706,0.2762677484787018,0.022696309502149053,0.28777071388363795,0.020426632425071804,0.9027193720213065,0.9055228483319316,1.0,1.0,1.0,1.0
5m,base,gcn,0.05,5,5,0.46321992874145507,0.0618002183290083,0.0499873840029157,0.0,0.049015979814970516,0.0014458438149601248,0.9803195962994111,0.028916876299202445,0.02695598629284502,0.0008907275835307348,0.9307692307692308,0.010533126105868542,0.05239364651619808,0.0016919737512097195,0.1858025353227735,0.006975623837077083,0.8089249492900608,0.025912729286282053,0.30217315056790567,0.010701621396076801,1.0109335576114382,1.0154191197084383,0.8,1.0,1.0,1.0
5m,base,gin,0.001,5,5,0.9558975458145144,0.032856004762304256,0.000981244217668,0.0,0.00317353518362764,0.0012572583273943309,3.1735351836276986,1.2572583273943563,0.19867877726170002,0.055019782511202424,0.49615384615384617,0.06141815162565889,0.278893831088841,0.054610568912202485,0.5866324018147956,0.10368865847063619,0.3123732251521298,0.04487757989825069,0.4053745359582333,0.05445959366167212,4.5640594336977856,4.664984580880292,0.0,0.6,1.0,1.0
5m,base,gin,0.01,5,5,0.6551626443862916,0.08539335528110253,0.0099806554711374,0.0,0.01729744883655728,0.0017176869842489896,1.729744883655733,0.17176869842489934,0.06614979535049452,0.0035817295005832854,0.8384615384615385,0.06464513966912162,0.12257015864313803,0.006301773428575075,0.330209675092763,0.03747848665587681,0.6158215010141987,0.07256448771974283,0.42957350703790265,0.04814089822459484,1.901878329128119,1.9601906363891226,0.0,1.0,1.0,1.0
5m,base,gin,0.05,5,5,0.22835237085819243,0.030160699468390416,0.0499873840029157,0.0,0.06268012335295763,0.002740346110526037,1.2536024670591535,0.054806922210521164,0.021232074504484756,0.0016278258319246,0.9307692307692308,0.04826884768465823,0.04151578227730486,0.0031526330297279607,0.1398362195555332,0.01013250284014407,0.737525354969574,0.06447305616536322,0.23505126819881034,0.017291428248977676,1.310569105691057,1.3160639192598822,0.0,1.0,1.0,1.0
5m,base,sage,0.001,5,5,0.9960180163383485,0.0011023072260975225,0.000981244217668,0.0,0.0008410428931875401,6.268763603870051e-05,0.8410428931875525,0.06268763603868206,0.5213071291735085,0.017326480527303085,0.6269230769230769,0.010533126105868542,0.5690472945345509,0.008944344061609868,0.08022619706189682,0.018956896661832076,0.0052738336713995405,0.0011109991024445445,0.00989475536616432,0.002091124261948444,0.8690776562938043,0.8690776562938043,1.0,1.0,1.0,1.0
5m,base,sage,0.01,5,5,0.6720982789993287,0.05661841781249841,0.0099806554711374,0.0,0.009436501261564301,0.00038469987985230853,0.943650126156434,0.03846998798523002,0.12720255570611255,0.004493400851326529,0.9423076923076923,1.2412670766236366e-16,0.22412389003660355,0.006981456680490103,0.2438692716076522,0.018821038263338537,0.2202839756592292,0.019487401419027103,0.2314201101013949,0.018855965463444566,0.9834594897673115,0.9907485281749369,1.0,1.0,1.0,1.0
5m,base,sage,0.05,5,5,0.08061039596796032,0.03111207597024187,0.0499873840029157,0.0,0.04943089430894306,0.0022284903553285405,0.9886178861788618,0.044569807106571005,0.028579371996043122,0.0011471784229367555,0.9961538461538462,0.008600261451922237,0.055562439415367114,0.0021680143391108395,0.19879735404625315,0.00557792121000355,0.8872210953346856,0.04126181465272598,0.32474467415782693,0.009052195083823229,1.0328006728343146,1.0473787496495655,0.8,1.0,1.0,1.0
5m,ours,gat,0.001,5,5,0.9961098432540896,0.0009692826513800587,0.00097563710785274,1.253787870422764e-05,0.00100364451920378,0.0001996185379188867,1.0036445192038128,0.1996185379188999,0.42999022414783283,0.03995697110328497,0.5153846153846153,0.07858775669885597,0.4663728081130252,0.04878491493206632,0.09081196581196575,0.06079100255622878,0.008113590263691661,0.007452808548021853,0.01483373141787818,0.013310811820952785,1.1886739557050743,1.2391365292963274,0.6,1.0,1.0,1.0
5m,ours,gat,0.01,5,5,0.8373417258262636,0.039432752350818986,0.0099806554711374,0.0,0.00931875525651802,0.0003582531214068909,0.9318755256518083,0.03582531214068938,0.12582245815552418,0.004236621693111141,0.9192307692307693,0.016089615894886066,0.22132723378625013,0.006745625663556101,0.2612387533046888,0.07115453079731243,0.24259634888438134,0.07767200177582428,0.2514016854279032,0.07469369474095916,0.9660779366414354,0.9806560134566863,1.0,1.0,1.0,1.0
5m,ours,gat,0.05,5,5,0.1952953666448593,0.023760504809593852,0.0499873840029157,0.0,0.04880291561536302,0.0006095224297625805,0.976058312307261,0.012190448595251311,0.0288989230417075,0.0003285221806191784,0.9961538461538462,0.008600261451922237,0.05616819110393614,0.0006246381345261101,0.18988888777937954,0.0019112194762015834,0.8275862068965518,1.2412670766236366e-16,0.3088969745657407,0.0025313017498241404,0.9897392767031118,0.9916456405943369,1.0,1.0,1.0,1.0
5m,ours,gcn,0.001,5,5,0.9957767248153688,0.0010796032384546154,0.000981244217668,0.0,0.00099243061396128,0.00017121874386992093,0.9924306139613119,0.17121874386994643,0.40910866105252747,0.06564422175560662,0.46923076923076923,0.07998705516571318,0.4363834641718866,0.0705574058947876,0.06449713856834596,0.026540435622917444,0.00486815415821496,0.0018142539371194862,0.00904455719789348,0.00339296218696801,1.166246145220073,1.2279226240538266,0.8,1.0,1.0,1.0
5m,ours,gcn,0.01,5,5,0.7971119880676271,0.023301795385604066,0.0099806554711374,0.0,0.00929632744603304,0.00036531351004792407,0.929632744603308,0.036531351004792746,0.1214739409837953,0.00869760321691346,0.8807692307692309,0.05336321894427549,0.21347994458545577,0.014793215660205868,0.2975098335722232,0.01816016279975902,0.28478701825557806,0.017601536024273143,0.2909674696827878,0.017443822463651375,0.958228202971685,0.9627137650686852,1.0,1.0,1.0,1.0
5m,ours,gcn,0.05,5,5,0.14969252943992614,0.02206539741166522,0.0499873840029157,0.0,0.04875245304177174,0.0005913939756021632,0.9750490608354362,0.011827879512043142,0.02838489652581424,0.0015091503056006972,0.976923076923077,0.05160156871153363,0.055166722371593355,0.0029303455427530053,0.20366182189246218,0.009830280614374472,0.9030425963488844,0.06262461912509604,0.33234553431873753,0.01732142767307526,0.9859265489206617,0.9880571909167368,1.0,1.0,1.0,1.0
5m,ours,gin,0.001,5,5,0.9900825023651125,0.00701103650143903,0.000981244217668,0.0,0.00100925147182502,0.0001827642950715515,1.009251471825063,0.18276429507156283,0.4535883468183396,0.042253856639977334,0.5692307692307692,0.0701330097261941,0.502827837675951,0.03849309441481684,0.18482318142450274,0.13597780172717527,0.01906693711967542,0.020314378837410586,0.03432201744208046,0.03544259710553258,1.155032239977572,1.1662461452200727,0.4,1.0,1.0,1.0
5m,ours,gin,0.01,5,5,0.4847134530544282,0.07820387831034993,0.0099806554711374,0.0,0.0111073731426969,0.001002100636680118,1.1107373142696944,0.1002100636680121,0.0930220826701246,0.009449856160209784,0.7769230769230769,0.04826884768465822,0.16604518668570986,0.015433508222696058,0.29647031944377217,0.0670855224467756,0.3456389452332657,0.11593494336049864,0.3181191981805145,0.08648203764912692,1.183067003083824,1.1886739557050743,0.2,1.0,1.0,1.0
5m,ours,gin,0.05,5,5,0.0104773394763469,0.005409298971016094,0.04998177689310043,1.2537878704228077e-05,0.04841603588449672,0.0009103747059786807,0.9683207176899356,0.01820749411957322,0.02574438022402698,0.0017738013260202383,0.876923076923077,0.048268847684658216,0.05001993871200282,0.003425087064322191,0.18833910810955942,0.018181945216190907,0.8154158215010142,0.10355759248169419,0.3059550750371067,0.03131670096343983,0.9851415755536864,0.9890664423885616,1.0,1.0,1.0,1.0
5m,ours,sage,0.001,5,5,0.9952966332435608,0.0008188714869763455,0.000981244217668,0.0,0.00068404821979248,0.00010601441211768718,0.6840482197925428,0.10601441211768453,0.5314040573412667,0.026093561201793045,0.5307692307692309,0.07272180923534248,0.5290231778968926,0.040436239462074475,0.04811348294106912,0.020653215243025224,0.00243407707910748,0.0009071269685597431,0.00463038448970088,0.0017368207134684766,0.7737594617325484,0.7793664143537987,1.0,1.0,1.0,1.0
5m,ours,sage,0.01,5,5,0.7403259038925172,0.029758024587770618,0.0099806554711374,0.0,0.010647603027754379,0.00040790339470403566,1.0647603027754413,0.040790339470404925,0.11269629057601012,0.003256288323705477,0.926923076923077,0.01608961589488605,0.20093993231600726,0.005120945886851297,0.2530076193414533,0.025101011392490748,0.26206896551724135,0.036942460402105345,0.2573146068704949,0.03081601803337247,1.1028875805999439,1.107933837959069,0.0,1.0,1.0,1.0
5m,ours,sage,0.05,5,5,0.09136832654476164,0.0165924080978259,0.0499873840029157,0.0,0.04954303336136806,0.0013563437428731069,0.9908606672273619,0.027126874857462204,0.02818172838557722,0.001316517922836254,0.9846153846153847,0.02507385540462553,0.05479426862988605,0.0025227809125161,0.20980390108667074,0.004871542128735361,0.9513184584178498,0.012000161831845038,0.3437684894380813,0.006848319892526022,1.0149705634987383,1.0157555368657134,0.6,1.0,1.0,1.0
